NEW_IMLOCI,NEW_NAME,Area_km,NPS Watershed Ownership Percent,Prot_area_pct (PAD),Watershed_Percent_Impervious_NLCD2019,roads_km_km2,,AvgPredEC,F50Pct_PL,,1992 (lbs salt / km2),1993,1994,1995,1996,1997,1998,1999,2000,2001,2002,2003,2004,2005,2006,2007,2008,2009,2010,2011,2012,2013,2014,2015,2016,2017,2018,2019,,"NLCD06 Developed, open (21)","NLCD06 Developed, low (22)","NLCD06 Developed, medium (23)","NLCD06 Developed, high (24)",NLCD06 Deciduous forest (41),NLCD06 Evergreen forest (42),NLCD06 Mixed forest (43),NLCD06 Pasture (81),NLCD06 Crops (82),,"NLCD19 Developed, open (21)","NLCD19 Developed, low (22)","NLCD19 Developed, medium (23)","NLCD19 Developed, high (24)",NLCD19 Deciduous forest (41),NLCD19 Evergreen forest (42),NLCD19 Mixed forest (43),NLCD19 Pasture (81),NLCD19 Crops (82),,"Change Developed, open (21)","Change Developed, low (22)","Change Developed, medium (23)","Change Developed, high (24)",Change Deciduous forest (41),Change Evergreen forest (42),Change Mixed forest (43),Change Pasture (81),Change Crops (82)
NCRN_ANTI_ANCR,Antietam Creek,725.042,4.38,20.868,5.753594046,3.177,,99.12154696,197.818221,,16846.57688,17588.1616,29500.63545,22371.9579,25959.42503,23662.39745,8870.102962,19349.48532,20423.08197,12045.99556,9117.218321,12667.00366,12388.50346,14851.23617,9628.207967,16175.0769,15271.35174,13857.11384,24494.15467,18603.04593,11584.84755,20384.9369,34952.00287,66449.27692,53896.30114,52870.88469,63067.99832,54158.91592,,0.079,0.067,0.026,0.009,0.236,0.007,0.069,0.211,0.279,,0.082,0.069,0.03,0.011,0.239,0.007,0.069,0.2,0.28,,0.003,0.002,0.004,0.002,0.003,0,0,-0.011,0.001
NCRN_ANTI_MUSP,Mumma Spring,0.219,100.205,100,0.983263598,3.795,,252.0524862,365.1503247,,22870.6528,19072.81055,35076.29565,27397.0107,28388.27342,30882.8982,8769.369053,20813.45219,19783.2059,7972.152658,2995.322272,5687.70247,4462.075789,6763.452615,7872.685534,5667.261503,4784.201385,5925.492843,20208.92843,11920.15426,8484.753094,13188.25694,33477.8816,78818.27742,73024.5673,66439.59597,80030.8823,67294.31031,,0.109,0,0,0,0,0,0,0.276,0.615,,0.109,0,0.004,0,0,0,0,0.272,0.615,,0,0,0.004,0,0,0,0,-0.004,0
NCRN_ANTI_NECS,Newcomer Spring,1.705,86.477,93.49,3.046315789,2.99,,105.8640884,206.6092447,,25151.28809,20974.73047,38574.06445,30129.00977,31219.12012,30944.4707,8786.853271,20854.94922,19822.64941,7988.047363,3001.294189,5699.042236,4470.972046,6776.937256,7888.381836,6370.932617,5378.228027,6661.227051,22718.1543,13400.21094,9538.255859,14825.7666,37634.63672,88604.6875,76792.73828,69867.9707,84160.58594,70766.79102,,0.056,0.069,0.004,0,0,0,0.01,0.514,0.346,,0.054,0.07,0.005,0,0,0,0.015,0.509,0.346,,-0.002,0.001,0.001,0,0,0,0.005,-0.005,0
NCRN_ANTI_SHCK,Sharpsburg Creek,3.307,24.404,51.981,8.89198036,6.167,,99.12154696,197.818221,,51808.41211,43205.24219,79457.60352,62061.88086,64307.36914,64033.58398,18182.69043,43155.27832,41019.13086,16529.7168,6210.596924,11793.06372,9251.810303,14023.55859,16323.47803,12741.86523,10756.45605,13322.45459,45436.30957,26800.42383,19076.51025,29651.53418,75269.27344,177209.3789,162627.7461,147962.8242,178231,149866.3047,,0.197,0.142,0.036,0.002,0.008,0.001,0.022,0.439,0.151,,0.192,0.141,0.04,0.006,0.008,0.001,0.029,0.422,0.16,,-0.005,-0.001,0.004,0.004,0,0,0.007,-0.017,0.009
NCRN_CATO_BGHC,Big Hunting Creek,22.306,25.427,57.536,0.437933818,1.962,,80.26740331,172.0330875,,14538.11967,12123.95712,22296.84499,17415.37624,18045.48921,18379.00586,5218.820091,12386.48544,11773.36594,4744.381292,1782.57383,3384.861017,2655.467019,4025.060547,4685.186424,3475.05411,2933.578902,3633.396507,12391.72044,7309.205966,5202.684925,8086.78165,20527.98349,48329.82955,42773.30773,38916.23391,46877.17509,39416.87549,,0.065,0.006,0.001,0,0.813,0.001,0.022,0.059,0.005,,0.065,0.006,0.001,0,0.82,0.001,0.022,0.057,0.009,,0,0,0,0,0.007,0,0,-0.002,0.004
NCRN_CATO_BLBZ,Blue Blazes Creek,2.187,99.992,100,0.087835052,1.311,,80.26740331,172.0330875,,14108.95996,11766.0625,21638.65039,16901.28125,17512.79297,17358.72461,4929.105469,11698.86914,11119.78613,4481.004395,1683.617065,3196.955811,2508.052979,3801.615723,4425.095703,3185.466309,2689.114014,3330.613525,11359.07715,6700.105469,4769.12793,7412.883301,18817.31836,44302.34375,41729.65234,37966.68945,45733.38672,38455.11523,,0.046,0,0,0,0.953,0,0,0,0,,0.046,0.001,0,0,0.953,0,0,0,0,,0,0.001,0,0,0,0,0,0,0
NCRN_CATO_OWCK,Owens Creek,7.24,63.961,64.461,0.718839142,2.616,,101.8370166,201.3833163,,16124.79353,13447.15193,24730.29715,19316.07059,20014.9534,19838.87305,5633.357352,13370.3591,12708.53878,5121.233398,1924.165876,3653.724714,2866.394008,4344.776088,5057.336565,3868.066127,3265.352679,4044.316267,13793.1649,8135.842355,5791.083705,9001.35798,22849.60045,53795.70313,45150.07924,41078.6808,49481.9841,41607.13979,,0.071,0.009,0.002,0,0.763,0.001,0.055,0.096,0.001,,0.071,0.01,0.003,0,0.76,0.001,0.053,0.097,0.003,,0,0.001,0.001,0,-0.003,0,-0.002,0.001,0.002
NCRN_CHOH_CABR,Cabin Branch,4.846,1.499,33.45,0.538447251,1.285,,67.06740331,152.6950499,,6772.3,5647.709375,10386.55078,8112.614063,8406.139844,8332.1875,2365.970703,5615.457422,5337.497266,2150.882227,808.1361816,1534.53877,1203.86543,1824.775391,2124.045898,1529.023828,1290.774805,1598.694531,5452.357422,3216.050781,2289.181445,3558.183984,9032.313281,21265.12656,21274.67754,19356.23811,23315.86785,19605.24818,,0.043,0.005,0,0,0.229,0.016,0.122,0.372,0.174,,0.05,0.006,0.001,0,0.23,0.016,0.12,0.366,0.175,,0.007,0.001,0.001,0,0.001,0,-0.002,-0.006,0.001
NCRN_CHOH_GRSR,Green Spring Run,9.067,0.062,12.408,1.500297974,3.383,,160.2486188,271.465637,,28838.4859,24049.64111,44229.05066,34545.9436,35795.86597,38924.8363,11052.92206,26233.29675,24934.77338,10048.10977,3775.307259,7168.786087,5624.004868,8524.662567,9922.74115,7167.299103,6050.506546,7493.880356,25557.9234,15075.23755,10730.53754,16678.98727,42338.96643,99680.27441,83726.5105,76176.49097,91759.61401,77156.46899,,0.075,0.029,0.002,0,0.73,0.005,0.05,0.089,0,,0.074,0.03,0.002,0,0.729,0.005,0.05,0.087,0,,-0.001,0.001,0,0,-0.001,0,0,-0.002,0
NCRN_CHOH_ISCR,Israel Creek,33.687,9.167,17.051,1.180144308,2.472,,56.16077348,135.6897311,,14454.46614,12054.19473,22168.54676,17315.16636,17941.65412,17809.24594,5057.033726,12002.49725,11408.38495,4597.302787,1727.313,3279.928373,2573.146007,3900.28132,4539.942976,3549.519559,2996.441323,3711.255022,12657.25731,7465.831864,5314.17101,8260.069866,20967.86897,49365.46897,45333.01771,41245.12317,49682.47521,41775.72435,,0.062,0.019,0.003,0,0.509,0.006,0.059,0.28,0.046,,0.062,0.02,0.003,0,0.51,0.005,0.06,0.274,0.05,,0,0.001,0,0,0.001,-0.001,0.001,-0.006,0.004
NCRN_CHOH_MUBR,Muddy Branch,48.412,0.044,15.953,22.4569177,7.453,,73.75801105,162.6483791,,28732.00875,23960.84522,44065.74877,34418.39413,35663.70162,40324.66252,11450.41052,27176.70695,25831.48568,10409.4629,3911.075973,7426.59196,5826.257013,8831.228853,10279.58571,8074.18192,6816.081012,8442.085788,28791.78396,16982.7167,12088.27895,18789.3895,47696.14219,112292.8831,99783.43556,90785.48636,109357.117,91953.40446,,0.286,0.215,0.135,0.039,0.204,0.002,0.019,0.07,0,,0.284,0.215,0.145,0.046,0.203,0.002,0.021,0.057,0,,-0.002,0,0.01,0.007,-0.001,0,0.002,-0.013,0
NCRN_CHOH_SVSR,Seven Springs Run,56.165,1.402,34.992,0.719971161,1.759,,222.0138122,336.1066262,,13145.91101,10962.93498,20161.64017,15747.63385,16317.40569,16213.74502,4603.982302,10927.21322,10386.32631,4185.437988,1572.565881,2986.084982,2342.622078,3550.861575,4133.21695,3088.282562,2607.073248,3229.001533,11012.52906,6495.695577,4623.628972,7186.72746,18243.23065,42950.74729,39924.14006,36323.98961,43754.64603,36791.28288,,NA,NA,NA,NA,NA,NA,NA,NA,NA,,NA,NA,NA,NA,NA,NA,NA,NA,NA,,0,0,0,0,0,0,0,0,0
NCRN_GWMP_DERU,Dead Run,6.882,2.058,5.609,19.88132932,9.766,,60.58729282,142.7188053,,4824.899414,15524.46819,20783.40723,15988.78836,38538.63253,18567.30762,12569.08803,25662.2899,14413.20082,7764.686837,6397.422782,13182.88602,8143.215332,12602.08747,6663.266776,9112.908343,8474.19887,11327.08545,25582.13295,13100.75551,5705.773228,16347.7906,31484.98228,51361.34403,43631.53432,37778.52511,48345.68248,40616.34989,,0.316,0.296,0.087,0.016,0.18,0.002,0.088,0.011,0,,0.309,0.304,0.1,0.018,0.165,0.001,0.083,0.011,0,,-0.007,0.008,0.013,0.002,-0.015,-0.001,-0.005,0,0
NCRN_GWMP_DIRU,Difficult Run,149.89,0.649,10.815,15.0667071,7.244,,69.18618785,155.8831026,,2860.948065,9205.310297,12323.62417,9480.631574,22851.67352,11839.93097,8015.008504,16364.23221,9190.955543,4951.35638,4079.48445,8406.413257,5192.734911,8036.051735,4249.006805,6032.413078,5609.610792,7498.117612,16934.43936,8672.222542,3777.013768,10821.64125,20841.91092,33999.33689,28982.64167,25094.72741,32114.0571,26979.77824,,0.302,0.172,0.077,0.024,0.275,0.002,0.077,0.02,0,,0.3,0.175,0.082,0.026,0.268,0.002,0.077,0.017,0,,-0.002,0.003,0.005,0.002,-0.007,0,0,-0.003,0
NCRN_GWMP_DORU,Donaldson Run,2.647,0.826,13.94,13.0067981,8.381,,69.12375691,155.7896567,,3974.924683,12789.61182,17122.11377,13172.13574,31749.50293,15260.20264,10330.35205,21091.46582,11846.00195,6381.684326,5257.949707,10834.82422,6692.79126,10357.47412,5476.442871,7481.585449,6957.212891,9299.397461,21002.61523,10755.55859,4684.369141,13421.33398,25848.7832,42167.0293,35590.61133,30816.26172,39435.98047,33131.09863,,0.438,0.214,0.038,0.005,0.235,0,0.063,0.005,0,,0.426,0.218,0.048,0.006,0.233,0,0.063,0.005,0,,-0.012,0.004,0.01,0.001,-0.002,0,0,0,0
NCRN_GWMP_GUBR,Gulf Branch,2.117,2.017,12.282,18.77574468,10.299,,0,0,,4593.535645,14780.03809,19786.80029,15222.09424,36690.62793,17635.12354,11938.04834,24373.89648,13689.57617,7374.855469,6076.23584,12521.03027,7734.379639,11969.39111,6328.732666,8662.888428,8055.720215,10767.72363,24318.81738,12453.80469,5424.006592,15540.4917,29930.16797,48824.98047,41534.99805,35963.23047,46022.625,38664.69531,,0.379,0.388,0.03,0,0.148,0.002,0.041,0.006,0,,0.377,0.397,0.045,0.002,0.128,0.002,0.039,0.006,0,,-0.002,0.009,0.015,0.002,-0.02,0,-0.002,0,0
NCRN_GWMP_MICR,Minnehaha Creek,3.502,0.058,2.741,20.59399076,11.949,,80.09337017,171.7857332,,53478.95964,44598.38281,82019.6901,64063.04427,66380.9375,65796.95573,18683.40951,44343.69531,42148.72396,16984.91504,6381.625326,12117.82324,9506.588542,14409.74154,16772.99674,12104.77214,10218.63346,12656.33171,43164.49479,25460.40169,18122.6849,28168.95573,71505.8099,168348.9063,152533.6198,138778.9297,167168.3958,140564.2656,,0.422,0.433,0.044,0.006,0.079,0.001,0.013,0,0,,0.418,0.434,0.052,0.007,0.074,0.001,0.013,0,0,,-0.004,0.001,0.008,0.001,-0.005,0,0,0,0
NCRN_GWMP_MIRU,Mine Run,6.498,5.268,7.725,3.875797061,4.404,,67.26243094,152.9899541,,1736.215759,5586.40152,7478.804199,5753.485016,13867.93286,7382.193542,4997.355621,10203.09418,5730.558228,3087.169327,2543.557449,5241.396332,3237.668762,5010.475983,2649.254547,3740.792511,3478.606323,4649.698517,10501.30743,5377.779205,2342.184601,6710.666931,12924.39105,21083.51428,17694.16138,15320.5553,19605.9187,16471.39587,,0.417,0.043,0.008,0,0.4,0.002,0.081,0.018,0,,0.417,0.046,0.013,0.001,0.394,0.002,0.081,0.017,0,,0,0.003,0.005,0.001,-0.006,0,0,-0.001,0
NCRN_GWMP_PIRU,Pimmit Run,27.783,1.897,7.253,23.99368196,10.729,,70.96574586,158.5344826,,4787.238171,15403.29029,20621.17994,15863.98685,38237.81543,18407.86278,12461.15184,25441.9169,14289.42868,7698.008466,6342.485454,13069.67939,8073.286267,12493.86824,6606.046481,9120.166661,8480.948604,11336.10736,25602.50882,13111.19015,5710.317698,16360.81118,31510.06017,51402.25145,43233.59457,37433.9678,47904.74735,40245.91047,,0.302,0.361,0.099,0.022,0.155,0.001,0.042,0.005,0,,0.297,0.363,0.116,0.027,0.138,0,0.041,0.005,0,,-0.005,0.002,0.017,0.005,-0.017,-0.001,-0.001,0,0
NCRN_GWMP_SPRU,Spout Run,4.497,3.225,8.828,46.61764706,16.932,,123.0270718,228.1384345,,8042.217188,25876.42344,34642.10391,26650.36055,64236.78984,31047.76992,21017.70195,42911.81328,24101.37969,12983.90781,10697.60391,22044.07969,13616.87324,21072.8832,11142.14141,15278.18477,14207.36094,18990.34883,42889.55156,21963.98281,9565.975195,27407.77695,52785.93438,86109.50938,73929.10781,64011.78906,81916.74063,68820.18984,,0.163,0.374,0.281,0.148,0.013,0.001,0.013,0.002,0,,0.154,0.368,0.292,0.154,0.013,0.001,0.013,0.001,0,,-0.009,-0.006,0.011,0.006,0,0,0,-0.001,0
NCRN_GWMP_TURU,Turkey Run,2.687,49.878,51.358,8.219912839,4.391,,71.84364641,159.8339091,,2367.855225,7618.748047,10199.61133,7846.616821,18913.12061,9883.979614,6690.932617,13660.86865,7672.613892,4133.394531,3405.555481,7017.677612,4334.897461,6708.499634,3547.072815,5118.979248,4760.198181,6362.745361,14370.21021,7359.066406,3205.094788,9183.017944,17686.00879,28851.12451,24047.04224,20821.21973,26645.19238,22385.2561,,0.186,0.097,0.028,0.01,0.545,0.005,0.086,0.03,0,,0.191,0.112,0.039,0.011,0.528,0.002,0.082,0.027,0,,0.005,0.015,0.011,0.001,-0.017,-0.003,-0.004,-0.003,0
NCRN_HAFE_ELRD,Elks Run - Downstream,48.628,4.384,11.551,5.253160808,2.824,,282.8966851,393.6983335,,4362.455514,3775.577789,5389.491055,5471.001295,8493.419603,4489.79052,4540.281112,7903.739796,7169.682209,5604.469891,4626.697963,9256.502663,6190.939079,6577.34844,4770.285193,9880.944268,11709.9336,6398.112246,18179.82584,11054.33032,9422.500869,11504.15938,16122.09506,11815.21296,10476.61506,8069.442941,12455.11205,11522.39223,,0.099,0.065,0.022,0.005,0.124,0.003,0.027,0.421,0.227,,0.099,0.068,0.028,0.007,0.123,0.003,0.027,0.401,0.233,,0,0.003,0.006,0.002,-0.001,0,0,-0.02,0.006
NCRN_HAFE_ELRU,Elks Run - Upstream,48.475,4.211,11.523,5.25727975,2.824,,283.0751381,393.8601241,,4362.455514,3775.577789,5389.491055,5471.001295,8493.419603,4489.79052,4540.281112,7903.739796,7169.682209,5604.469891,4626.697963,9256.502663,6190.939079,6577.34844,4770.285193,9880.944268,11709.9336,6398.112246,18179.82584,11054.33032,9422.500869,11504.15938,16122.09506,11815.21296,10476.61506,8069.442941,12455.11205,11522.39223,,0.099,0.064,0.022,0.005,0.122,0.003,0.027,0.422,0.228,,0.099,0.068,0.028,0.007,0.121,0.003,0.027,0.402,0.234,,0,0.004,0.006,0.002,-0.001,0,0,-0.02,0.006
NCRN_HAFE_FLSP,Flowing Springs Run,21.18,2.719,4.089,13.2558841,4.373,,276.3497238,387.7368705,,6182.598996,5350.858679,7638.143503,7753.662323,12037.12158,5681.489246,5745.381384,10001.58326,9072.689001,7092.031726,5854.735376,11713.40206,7834.163922,8323.135571,6036.434119,12814.34955,15186.32018,8297.551587,23576.96111,14336.08444,12219.80575,14919.45645,20908.34182,15322.85399,13655.17849,10517.67978,16233.94357,15018.24031,,0.13,0.125,0.063,0.022,0.101,0.005,0.025,0.292,0.188,,0.128,0.133,0.083,0.031,0.102,0.003,0.027,0.256,0.192,,-0.002,0.008,0.02,0.009,0.001,-0.002,0.002,-0.036,0.004
NCRN_MANA_CHBR,Chinn's Branch,14.706,65.764,65.47,10.19138258,3.572,,170.7104972,282.9712307,,1659.102529,5338.284133,7146.636556,5497.946674,13251.99494,6884.732699,4660.600773,9515.542611,5344.395443,2879.135522,2372.155794,4888.19659,3019.493368,4672.837061,2470.730347,3465.155208,3222.287988,4307.089193,9727.526823,4981.52181,2169.602572,6216.19668,11972.06745,19529.99232,16435.67962,14230.89371,18211.46447,15299.88151,,0.077,0.072,0.036,0.013,0.228,0.072,0.072,0.282,0.001,,0.076,0.076,0.054,0.04,0.196,0.057,0.067,0.267,0.001,,-0.001,0.004,0.018,0.027,-0.032,-0.015,-0.005,-0.015,0
NCRN_MANA_DOBR,Dogan's Branch,2.549,79.177,81.836,1.535007072,2.219,,166.1497238,277.9873769,,1093.273916,3517.688965,4709.311808,3622.899414,8732.468343,4197.206991,2841.287557,5801.053385,3258.156006,1755.235555,1446.160522,2980.039063,1840.803243,2848.747355,1506.255493,2100.094035,1952.901835,2610.357056,5895.470785,3019.104167,1314.910665,3767.391927,7255.798584,11836.35872,9312.998535,8063.694132,10319.21704,8669.418132,,0.076,0.029,0.001,0,0.348,0.024,0.057,0.207,0,,0.075,0.029,0.002,0,0.243,0.008,0.05,0.21,0,,-0.001,0,0.001,0,-0.105,-0.016,-0.007,0.003,0
NCRN_MANA_HOBR,Holkum Branch,3.006,17.039,17.033,40.31534772,9.995,,177.0403315,289.8100361,,3668.563446,11803.87225,15802.45313,12156.91364,29302.45898,16468.95459,11148.61328,22762.10779,12784.31671,6887.173706,5674.428589,11693.04431,7222.923279,11177.88348,5910.228607,8466.004578,7872.635437,10523.0025,23766.1178,12170.76361,5300.733765,15187.29944,29249.93738,47715.32251,41109.16772,35594.52368,45550.78564,38268.29272,,0.065,0.112,0.309,0.15,0.099,0.022,0.103,0.104,0,,0.052,0.107,0.325,0.16,0.089,0.022,0.062,0.098,0,,-0.013,-0.005,0.016,0.01,-0.01,0,-0.041,-0.006,0
NCRN_MANA_YOBR,Young's Branch,17.145,70.643,70.061,8.880438776,3.345,,224.5939227,338.6546703,,1581.148001,5087.459719,6810.844971,5239.620356,12629.33724,6524.839269,4416.971917,9018.12589,5065.021815,2728.631211,2248.153414,4632.67036,2861.65197,4428.56856,2341.575059,3289.117906,3058.58886,4088.279843,9233.347656,4728.449836,2059.382116,5900.400592,11363.86081,18537.82692,15570.54834,13481.8166,17252.86048,14494.5357,,0.068,0.065,0.031,0.011,0.223,0.068,0.077,0.322,0.001,,0.067,0.069,0.047,0.034,0.195,0.054,0.072,0.309,0.001,,-0.001,0.004,0.016,0.023,-0.028,-0.014,-0.005,-0.013,0
NCRN_MONO_BUCK,Bush Creek,82.438,0.788,6.229,7.430166805,4.198,,88.31823204,183.2787332,,20292.99033,16923.18863,31122.98291,24309.19963,25188.74171,29971.86376,8510.676244,20199.46376,19199.60936,7736.977525,2906.96138,5519.917306,4330.446196,6563.933174,7640.444415,7157.704319,6042.406825,7483.848378,25523.70956,15055.05663,10716.17257,16656.65922,42282.28779,99546.83441,88437.01573,80462.22657,96922.06917,81497.34121,,0.167,0.064,0.03,0.004,0.284,0.004,0.033,0.265,0.122,,0.176,0.077,0.047,0.009,0.276,0.004,0.033,0.235,0.117,,0.009,0.013,0.017,0.005,-0.008,0,0,-0.03,-0.005
NCRN_MONO_GAMI,Gambrill Mill Creek,2.629,20.839,19.589,5.095515235,4.751,,195.8712707,309.6558496,,17221.60918,14361.83313,26412.46273,20629.958,21376.37963,21997.29157,6246.252498,14825.02089,14091.19588,5678.410684,2133.510214,4051.240596,3178.25043,4817.476611,5607.561911,4425.236642,3735.70623,4626.874584,15779.98373,9307.759168,6625.252748,10297.94672,26140.94184,61544.63602,53854.05544,48997.77784,59021.06091,49628.11395,,0.15,0.086,0.01,0.006,0.264,0.002,0.091,0.268,0.115,,0.15,0.088,0.011,0.006,0.261,0.004,0.089,0.262,0.123,,0,0.002,0.001,0,-0.003,0.002,-0.002,-0.006,0.008
NCRN_MONO_HARU,Harding's Run,4.362,42.714,39.088,3.141824938,3.842,,172.2812155,284.6765948,,25196.5769,21012.4978,38643.521,30183.26074,31275.3335,32387.73682,9196.67688,21827.63599,20747.18774,8360.614258,3141.276215,5964.848694,4679.500488,7093.01709,8256.300293,5972.749512,5042.088989,6244.900513,21298.27026,12562.698,8942.114624,13899.15601,35282.47314,83066.89746,70587.22559,64222.03809,77359.68945,65048.22852,,0.035,0.054,0.011,0,0.186,0,0.025,0.231,0.43,,0.033,0.055,0.014,0,0.186,0,0.025,0.225,0.434,,-0.002,0.001,0.003,0,0,0,0,-0.006,0.004
NCRN_MONO_SGAM,South Fork Gambrill Mill,0.841,45.368,41.855,4.51657754,4.598,,196.2375691,310.0349223,,18611.31971,15520.772,28543.83637,22294.70783,23101.36265,23230.83883,6596.524975,15656.36683,14881.39086,5996.840205,2253.151541,4278.422922,3356.47788,5087.627441,5922.018429,4740.404616,4001.765406,4956.4033,16903.84331,9970.663211,7097.107132,11031.37252,28002.71482,65927.88111,58142.46649,52899.48164,63720.92268,53580.01278,,0.154,0.089,0.002,0,0.078,0.004,0.061,0.447,0.154,,0.153,0.09,0.005,0,0.078,0.006,0.059,0.422,0.179,,-0.001,0.001,0.003,0,0,0.002,-0.002,-0.025,0.025
NCRN_NACE_ACCK,Accokeek Creek tributary,0.562,99.991,99.466,0.233494364,3.902,,68.8480663,155.3766534,,19749.68151,16470.10047,30289.72118,23658.36396,24514.35816,24298.69635,6899.748888,16376.04609,15565.44682,6272.498435,2356.722749,4475.090369,3510.765853,5321.491547,6194.237357,4459.220084,3764.394382,4662.406381,15901.16527,9379.23792,6676.131091,10377.02942,26341.68977,62017.26583,54187.61438,49301.2579,59386.62519,49935.49778,,0.122,0.002,0,0,0.329,0,0.504,0.016,0,,0.122,0.002,0,0,0.337,0,0.506,0.006,0,,0,0,0,0,0.008,0,0.002,-0.01,0
NCRN_NACE_FTDU,Fort Dupont Stream,1.282,87.802,86.271,7.023826209,3.966,,65.03867403,149.6094154,,50354.45211,127865.0164,98164.34427,24706.29745,71913.11744,63913.18291,9046.574399,134368.0651,140758.9106,17638.7151,17025.55509,56463.88322,46174.12672,85419.4458,27381.3874,62631.51797,49834.79893,61562.55524,123430.627,9434.76027,3942.132549,10315.19077,68578.0715,253764.9084,205264.594,210814.0422,218782.646,180630.1998,,0.195,0.099,0.026,0.002,0.636,0,0.041,0.001,0,,0.182,0.098,0.037,0.004,0.636,0,0.041,0.001,0,,-0.013,-0.001,0.011,0.002,0,0,0,0,0
NCRN_NACE_HECR,Henson Creek,9.635,8.153,25.314,39.69991586,10.925,,83.77513812,176.979297,,58887.11257,49108.47017,90314.07244,70541.53018,73093.82457,73450.05149,20856.54785,49501.48065,47051.20419,18960.49538,7123.896706,13527.29377,10612.33612,16085.79386,18723.92836,13726.46431,11587.63716,14351.91673,48947.29759,28871.36435,20550.60476,31942.78764,81085.53835,190902.831,169035.517,153792.7749,185253.5632,155771.2557,,0.218,0.311,0.246,0.098,0.102,0.001,0.02,0.001,0,,0.209,0.31,0.264,0.114,0.076,0,0.019,0.001,0,,-0.009,-0.001,0.018,0.016,-0.026,-0.001,-0.001,0,0
NCRN_NACE_OXRU,Oxon Run,33.922,6.785,11.927,38.95706515,12.112,,90.8281768,186.7100944,,60610.12422,80972.83036,100451.1564,60074.49576,78632.63064,75858.52171,18320.37206,83422.57628,83907.20608,19985.55823,11187.73429,29782.32176,24028.83052,41880.97951,23260.81648,31958.59432,25904.23158,32026.99771,78616.14939,23952.31159,16068.01475,26456.82129,82157.5192,226083.6248,194550.3451,185739.0612,210974.8319,176188.9739,,0.164,0.352,0.282,0.073,0.111,0,0.009,0.001,0.001,,0.158,0.349,0.289,0.077,0.108,0,0.009,0.001,0.001,,-0.006,-0.003,0.007,0.004,-0.003,0,0,0,0
NCRN_NACE_STCK,Still Creek,9.643,54.838,53.904,23.25900355,9.253,,56.41546961,136.099271,,50362.38584,41999.3375,77239.85605,60329.66445,62512.47891,62658.30586,17792.17212,42228.41074,40138.14443,16174.6999,6077.208704,11539.77847,9053.104785,13722.36738,15972.89048,11849.93486,10003.50449,12389.88257,42255.76836,24924.39307,17741.15508,27575.92539,70000.42539,164804.7219,147445.8449,134149.9477,161592.4766,135875.7344,,0.121,0.245,0.159,0.038,0.269,0.01,0.132,0.005,0,,0.12,0.244,0.161,0.039,0.268,0.01,0.131,0.005,0,,-0.001,-0.001,0.002,0.001,-0.001,0,-0.001,0,0
NCRN_PRWI_BONE,Boneyard Run,0.47,95.563,74.468,0.275862069,1.747,,49.41270718,124.5914493,,1211.214957,3897.173125,5217.346803,4013.733567,9674.516395,4649.996307,3147.802121,6426.863607,3609.641718,1944.588106,1602.170433,3301.521955,2039.386698,3156.066668,1668.748417,2279.743162,2119.959564,2833.655819,6399.789553,3277.368395,1427.392522,4089.667456,7876.483903,12848.88097,11371.80947,9846.322781,12600.47105,10585.95338,,0.084,0.002,0,0,0.805,0,0.109,0,0,,0.084,0.002,0,0,0.805,0,0.109,0,0,,0,0,0,0,0,0,0,0,0
NCRN_PRWI_CARU,Carters Run,0.362,93.113,99.724,1.5525,4.923,,49.41270718,124.5914493,,1030.042377,3314.236995,4436.940177,3413.362349,8227.409847,3954.453517,2676.956345,5465.538453,3069.714376,1653.718161,1362.519087,2807.682923,1734.336873,2683.984688,1419.138354,1938.741025,1802.857748,2409.799866,5442.514045,2787.142303,1213.8843,3477.938246,6698.325903,10926.95584,9696.934764,8396.126584,10744.6354,9026.821995,,0.132,0.005,0.01,0.005,0.642,0,0.188,0,0,,0.132,0.005,0.01,0.005,0.642,0,0.188,0,0,,0,0,0,0,0,0,0,0,0
NCRN_PRWI_MARU,Mawavi Run,0.268,100.018,100,0.224080268,2.146,,47.7441989,121.7681418,,1255.23938,4038.824951,5406.983398,4159.62207,10026.15918,4819.01123,3262.216309,6660.462891,3740.842529,2015.268677,1660.405029,3421.523438,2113.512939,3270.78125,1729.402954,2362.605713,2197.014404,2936.651611,6632.404785,3396.491943,1479.274414,4238.315918,8162.772949,13315.90332,11231.48145,9724.820313,12444.98145,10455.32324,,0.087,0,0,0,0.04,0.047,0.719,0,0,,0.087,0,0,0,0.04,0.047,0.719,0,0,,0,0,0,0,0,0,0,0,0
NCRN_PRWI_MBBR,Mary Bird Branch,2.061,99.998,100,0.161135371,1.856,,53.48839779,131.3530362,,1046.032806,3365.687378,4505.819458,3466.351563,8355.132568,4015.842651,2718.51355,5550.385742,3117.368774,1679.390564,1383.670898,2851.269531,1761.260803,2725.651001,1441.169128,1968.838135,1830.845398,2447.209717,5527.003906,2830.410034,1232.728699,3531.929932,6802.311035,11096.58643,10209.81689,8840.207275,11312.93115,9504.26123,,0.07,0.001,0,0,0.628,0.031,0.27,0,0,,0.07,0.001,0,0,0.628,0.031,0.27,0,0,,0,0,0,0,0,0,0,0,0
NCRN_PRWI_MBCH,Middle Branch Chopawamsic Creek,11.735,0.765,99.983,0.03190184,0.755,,41.83867403,111.4883995,,482.7843675,1553.394137,2079.608962,1599.854492,3856.214994,1853.46582,1254.698543,2561.716496,1438.785588,775.1033372,638.6173565,1315.970553,812.8896109,1257.992751,665.1549823,908.6945425,845.0055965,1129.481427,2550.924842,1306.34313,568.9517165,1630.121507,3139.528283,5121.501578,4977.320594,4309.631423,5515.092642,4633.359699,,0.005,0,0,0,0.215,0.127,0.487,0.001,0,,0.005,0,0,0,0.218,0.127,0.487,0.001,0,,0,0,0,0,0.003,0,0,0,0
NCRN_PRWI_NFQC,North Fork Quantico Creek,17.822,97.001,89.962,1.225560493,1.433,,49.38563536,124.5459061,,503.9476841,1621.488665,2170.770621,1669.985666,4025.255874,2462.944224,1667.283283,3404.090159,1911.903953,1029.981912,848.6149962,1748.703423,1080.193522,1671.660723,883.8790461,1487.566616,1383.305457,1849.002923,4175.958455,2138.532091,931.3950365,2668.569282,5139.524048,8384.087674,7391.045071,6399.563609,8189.606788,6880.28224,,0.031,0.014,0.007,0,0.681,0.022,0.199,0.002,0,,0.03,0.014,0.009,0.001,0.681,0.022,0.199,0.002,0,,-0.001,0,0.002,0.001,0,0,0,0,0
NCRN_PRWI_NOBR,North Branch Chopawamsic Creek,15.056,1.197,100,0.351705566,1.641,,50.71657459,126.7748648,,747.1662903,2404.062413,3218.44247,2475.965402,5967.951835,2868.459037,1941.795393,3964.561244,2226.691982,1199.564689,988.336356,2036.621094,1258.043431,1946.893572,1029.40652,1406.312953,1307.746713,1748.006941,3947.859933,2021.721453,880.5204991,2522.807094,4858.793597,7926.133161,6908.256965,5981.539743,7654.656154,6430.857463,,0.034,0.006,0,0,0.447,0.071,0.282,0.015,0,,0.034,0.006,0,0,0.456,0.069,0.285,0.015,0,,0,0,0,0,0.009,-0.002,0.003,0,0
NCRN_PRWI_NOCH,North Branch Chopawamsic Below Confluence with Middle Branch,32.539,18.4,99.914,0.204358769,1.142,,0,0,,575.3180408,1851.128036,2478.200691,1906.493317,4595.322891,2208.713448,1495.182442,3052.712158,1714.552826,923.6648102,761.0190048,1568.198242,968.6934471,1499.10804,792.6430206,1082.860985,1006.964985,1345.965355,3039.852127,1556.72554,678.0007896,1942.561462,3741.271133,6103.12262,5599.275729,4848.153542,6204.246639,5212.334226,,0.021,0.003,0,0,0.337,0.096,0.404,0.008,0,,0.021,0.003,0,0,0.342,0.095,0.405,0.008,0,,0,0,0,0,0.005,-0.001,0.001,0,0
NCRN_PRWI_ORRU,Orenda Run,0.51,94.656,46.078,3.365079365,3.373,,48.78066298,123.525892,,1453.850225,4677.869823,6262.505861,4817.779986,11612.55295,5667.764779,3836.777645,7833.544218,4399.70252,2370.210082,1952.845772,4024.143004,2485.757766,3846.851096,2033.995945,2778.722321,2583.966105,3453.872682,7800.544174,3994.702984,1739.813285,4984.793955,9600.450804,15661.18208,13369.93191,11576.40471,14814.47968,12445.99442,,0.176,0.046,0.019,0.002,0.688,0,0.051,0.002,0,,0.176,0.046,0.019,0.002,0.688,0,0.051,0.002,0,,0,0,0,0,0,0,0,0,0
NCRN_PRWI_QUCR,Quantico Creek,61.143,69.811,93.265,0.804412457,1.5,,49.63425414,124.9638366,,593.300157,1908.986795,2555.659211,1966.082555,4738.954098,2426.31356,1642.486244,3353.462132,1883.468771,1014.663296,835.9938028,1722.695473,1064.128117,1646.798579,870.7333748,1279.74481,1190.049544,1590.686338,3592.552494,1839.766571,801.2736673,2295.754456,4421.502308,7212.781342,6296.181043,5451.571561,6976.448761,5861.079497,,0.048,0.008,0.004,0.001,0.567,0.039,0.258,0.005,0,,0.048,0.008,0.005,0.001,0.571,0.043,0.261,0.005,0,,0,0,0.001,0,0.004,0.004,0.003,0,0
NCRN_PRWI_SFQC,South Fork Quantico Creek,43.284,58.585,94.675,0.632047231,1.52,,49.38563536,124.5459061,,628.2641681,2021.486063,2706.26779,2081.946554,5018.227316,2411.979821,1632.783055,3333.651166,1872.341961,1008.669054,831.0550749,1712.518449,1057.841654,1637.069914,865.5894165,1198.423234,1114.427665,1489.605936,3364.263205,1722.858324,750.3566098,2149.870393,4140.537279,6754.444081,5867.755988,5080.618151,6501.73475,5462.261032,,0.055,0.005,0.003,0.001,0.521,0.046,0.282,0.007,0,,0.055,0.005,0.003,0.001,0.526,0.051,0.287,0.006,0,,0,0,0,0,0.005,0.005,0.005,-0.001,0
NCRN_PRWI_SFQR,South Fork Quantico Creek at Orenda Road,41.897,57.216,94.498,0.647873711,1.519,,48.78066298,123.525892,,637.8028523,2052.177479,2747.355974,2113.555919,5094.417059,2448.599948,1657.572948,3384.26466,1900.768982,1023.983274,843.6726518,1738.518932,1073.902441,1661.924893,878.7313149,1217.099959,1131.795369,1512.820573,3416.693282,1749.708063,762.0504788,2183.374867,4205.06513,6859.708141,5958.814564,5159.46156,6602.631712,5547.026953,,0.055,0.005,0.003,0.001,0.513,0.047,0.286,0.007,0,,0.055,0.006,0.003,0.001,0.519,0.053,0.291,0.007,0,,0,0.001,0,0,0.006,0.006,0.005,0,0
NCRN_PRWI_SORU,Sow Run,3.439,100.013,100,0.074732166,0.95,,49.06353591,124.0033709,,418.4131165,1346.274902,1802.327759,1386.540527,3342.052979,1606.337036,1087.405396,2220.154297,1246.94751,671.7562256,553.4683838,1140.507813,704.5043335,1090.260376,576.4676514,787.5352783,732.3381958,978.8839111,2210.801514,1132.164063,493.0914917,1412.771973,2720.924561,4438.634766,3772.297485,3266.257629,4179.873413,3511.610413,,0.041,0,0,0,0.433,0.066,0.444,0,0,,0.041,0,0,0,0.433,0.066,0.444,0,0,,0,0,0,0,0,0,0,0,0
NCRN_PRWI_TARU,Taylor Run,1.216,100.01,100,0.103780578,2.532,,54.82099448,133.5247174,,723.1357056,2326.742211,3114.929967,2396.332584,5776.008791,2776.202802,1879.342782,3837.051879,2155.07647,1160.983942,956.5492218,1971.118697,1217.581887,1884.276992,996.2984501,1361.082735,1265.686623,1691.787061,3820.887669,1956.698314,852.2009569,2441.667843,4702.523825,7671.210778,6524.223943,5649.023313,7229.130225,6073.36331,,0.086,0,0,0,0.618,0.036,0.259,0,0,,0.086,0,0,0,0.618,0.036,0.259,0,0,,0,0,0,0,0,0,0,0,0
NCRN_ROCR_BAKE,Battery Kemble Run,0.687,37.919,37.991,12.70549738,9.176,,0,0,,55220.26952,149854.51,112940.5889,26863.85249,85345.14504,73441.40766,11103.00264,159000.527,165166.8433,20706.21137,20520.9306,67584.62422,54938.37835,101515.8896,32067.36304,74350.5666,59290.20326,73360.72062,146275.5532,11228.16942,4214.423261,12535.86918,80446.69957,295142.2032,246911.4198,253840.1567,263112.2315,217150.3422,,0.339,0.208,0.047,0,0.331,0,0.065,0.004,0,,0.356,0.232,0.055,0.001,0.292,0,0.054,0.004,0,,0.017,0.024,0.008,0.001,-0.039,0,-0.011,0,0
NCRN_ROCR_BRBR,Broad Branch,6.673,14.182,14.012,28.56442049,12.273,,96.85911602,194.8215325,,86503.45703,230807.0844,172104.7141,38690.20781,125409.6391,110734.0453,14675.5959,242814.4031,254821.7281,30685.33711,30685.33711,102729.1703,84051.13984,155828.1516,48656.26992,114096.0859,90721.86563,112068.1859,222802.2156,14675.5959,5336.580273,16009.74141,118738.9141,449606.9125,368802.0719,380698.9031,392595.7469,323858.4219,,0.233,0.451,0.121,0.039,0.145,0,0.007,0.003,0,,0.225,0.447,0.128,0.043,0.146,0,0.007,0.002,0,,-0.008,-0.004,0.007,0.004,0.001,0,0,-0.001,0
NCRN_ROCR_DUOA,Dumbarton Oaks,0.797,23.071,47.302,32.15323496,7.225,,84.09337017,177.4244005,,85595.82623,227023.3594,169283.3281,38055.94141,123353.7422,108918.7266,14435.01172,238833.8438,250644.3125,30182.29883,30182.29883,101045.0859,82673.25,153273.5938,47858.625,112225.6563,89234.61719,110231,219149.7188,14435.01172,5249.095215,15747.28613,116792.375,442236.2813,359320.76,370911.7409,382502.7526,315532.545,,0.168,0.225,0.198,0.109,0.28,0,0.01,0.007,0,,0.158,0.219,0.208,0.115,0.28,0,0.01,0.007,0,,-0.01,-0.006,0.01,0.006,0,0,0,0,0
NCRN_ROCR_EGWA,Rock Creek Downstream of Edgewater Stables,193.326,4.391,22.823,24.41076957,9.14,,84.09337017,177.4244005,,43746.00701,61520.55576,73269.78492,42103.65021,57106.54102,56032.72982,13261.65836,64334.51005,64945.9108,14796.18851,8585.723293,23327.58413,18847.23841,33059.021,17511.26833,25284.78488,20460.8582,25295.15509,61084.78558,17586.48619,11710.7996,19421.51226,61639.48293,171987.0283,148331.5245,142185.1479,160707.3507,134129.6157,,0.278,0.266,0.128,0.051,0.183,0,0.013,0.058,0.003,,0.272,0.268,0.137,0.054,0.18,0,0.013,0.052,0.003,,-0.006,0.002,0.009,0.003,-0.003,0,0,-0.006,0
NCRN_ROCR_FEBR,Fenwick Branch,4.037,3.594,4.632,43.95144766,14.996,,86.43535912,180.6820985,,51721.09424,43132.42188,79323.68164,61957.27539,64198.97949,63793.31152,18114.46313,42993.34473,40865.21484,16467.69165,6187.292725,11748.81238,9217.094482,13970.9375,16262.22705,11706.58887,9882.494385,12240.005,41744.60938,24622.88794,17526.54443,27242.3457,69153.64551,162811.1172,139965.1523,127343.8242,153394.0527,128982.0488,,0.169,0.45,0.205,0.15,0.023,0,0.003,0,0,,0.165,0.448,0.209,0.152,0.023,0,0.003,0,0,,-0.004,-0.002,0.004,0.002,0,0,0,0,0
NCRN_ROCR_KLVA,Klingle Valley,0.514,0.706,0.778,40.55536028,13.243,,84.09337017,177.4244005,,65508.60251,174267.3084,129944.9904,29212.44014,94688.59989,83608.01794,11080.58063,183333.2458,192399.1814,23168.48704,23168.48704,77564.06495,63461.50623,117655.6238,36737.15954,86146.47609,68498.13634,84615.34316,168223.3513,11080.58063,4029.301966,12087.90606,89651.97025,339468.7037,286502.052,295744.0447,304986.049,251587.805,,0.179,0.464,0.258,0.062,0.018,0,0.019,0,0,,0.165,0.462,0.272,0.063,0.018,0,0.019,0,0,,-0.014,-0.002,0.014,0.001,0,0,0,0,0
NCRN_ROCR_LUBR,Luzon Branch,2.658,11.192,13.168,47.12576479,14.813,,86.43535912,180.6820985,,102035.0443,271166.7917,202199.526,45455.70833,147339.1927,130097.3724,17241.81999,285273.7552,299380.7135,36051.07943,36051.07943,120692.7448,98748.60677,183076.7865,57164.46875,134047.3125,106585.7995,131664.8099,261762.1667,17241.81999,6269.752767,18809.25879,139502.0026,528226.6979,436911.75,451005.6667,465099.6042,383668,,0.122,0.386,0.384,0.083,0.021,0,0,0.003,0,,0.118,0.386,0.387,0.085,0.021,0,0,0.003,0,,-0.004,0,0.003,0.002,0,0,0,0,0
NCRN_ROCR_NOST,Normanstone Branch,1.017,9.69,21.829,32.53511111,11.999,,84.09337017,177.4244005,,82652.33965,219338.766,163553.1956,36767.77236,119178.298,105231.8984,13946.39591,230749.4715,242160.1645,29160.64746,29160.64746,97624.77545,79874.81357,148085.3805,46238.64127,108426.8904,86214.08401,106499.7525,211731.6415,13946.39591,5071.416729,15214.25058,112839.0276,427266.8703,354296.5424,365725.447,377154.3901,311120.5975,,0.223,0.433,0.202,0.016,0.099,0,0.011,0.011,0,,0.2,0.428,0.226,0.024,0.097,0,0.011,0.011,0,,-0.023,-0.005,0.024,0.008,-0.002,0,0,0,0
NCRN_ROCR_PHBR,Pinehurst Branch,2.678,22.259,22.031,15.53160726,10.764,,86.43535912,180.6820985,,51471.21094,73558.58594,87012.82031,49652.96549,67767.42969,64575.45182,15129.57194,75687.08529,76535.86068,17071.29134,10077.82259,27640.04427,22345.48649,39307.23665,20368.58301,29785.32096,24073.96126,29760.34017,71010.13997,19557.07227,12943.47738,21594.18066,69752.92578,196746.2578,172603.8229,166074.8646,186844.8021,155857.1042,,0.357,0.353,0.014,0,0.255,0,0.02,0,0,,0.353,0.354,0.022,0,0.249,0,0.02,0,0,,-0.004,0.001,0.008,0,-0.006,0,0,0,0
NCRN_ROCR_PYBR,Piney Branch,9.915,6.728,6.475,56.68596842,15.113,,84.09337017,177.4244005,,101917.2166,270020.2131,201344.5625,45263.50675,146716.1946,129547.2763,17168.91619,284067.5227,298114.8352,35898.64329,35898.64329,120182.4112,98331.06534,182302.6832,56922.75888,133480.5185,106135.1172,131108.0866,260655.3523,17168.91619,6243.242188,18729.7271,138912.1413,525993.1705,437149.4915,451251.0653,465352.6733,383876.7585,,0.082,0.196,0.581,0.118,0.021,0,0.001,0,0,,0.075,0.194,0.587,0.121,0.021,0,0.001,0,0,,-0.007,-0.002,0.006,0.003,0,0,0,0,0
NCRN_ROCR_R630,Reservation 630,0.929,21.722,21.098,32.16521739,9.181,,84.09337017,177.4244005,,78456.11914,208104.75,155176.3828,34884.61328,113074.2617,99842.16797,13232.09473,218931.0234,229757.2891,27667.10742,27667.10742,92624.66016,75783.81445,140500.793,43870.40625,102873.5195,81798.40234,101045.0859,200887.2422,13232.09473,4811.670776,14435.0127,107059.6758,405383.2656,334415.6875,345203.2813,355990.8906,293662.4922,,0.213,0.279,0.243,0.049,0.196,0,0.015,0.004,0,,0.194,0.281,0.258,0.051,0.195,0,0.015,0.004,0,,-0.019,0.002,0.015,0.002,-0.001,0,0,0,0
NCRN_ROCR_ROC3,Rock Creek Downstream of Dumbarton Oaks,196.257,4.595,22.916,24.56527302,9.162,,84.09337017,177.4244005,,44174.95069,63218.02041,74254.53921,42062.13525,57785.99949,56575.1503,13273.69275,66124.2468,66850.50979,14953.99477,8807.226632,24124.68671,19501.86417,34291.99097,17822.52327,26176.48613,21166.23009,26166.29196,62705.96438,17554.16338,11644.52571,19383.82789,62205.15361,174758.8155,150602.4384,144641.4324,163095.9952,136084.0504,,0.276,0.267,0.13,0.051,0.182,0,0.013,0.057,0.002,,0.271,0.269,0.139,0.054,0.179,0,0.013,0.051,0.003,,-0.005,0.002,0.009,0.003,-0.003,0,0,-0.006,0.001
NCRN_ROCR_ROCR,Rock Creek Upstream of Fenwick Branch,156.232,0.35,23.112,21.71674223,8.415,,86.43535912,180.6820985,,35663.36246,30248.25499,54828.01597,42520.70685,44329.87995,45851.17358,12966.4906,31434.92515,29955.15983,11842.74818,4510.37538,8705.652984,6840.671288,10459.03628,11753.22314,8944.280996,7532.847377,9328.901414,31310.48772,18097.9459,12865.88567,20022.53949,51074.24729,120785.6597,106817.8066,97328.71735,117029.6431,98385.03866,,0.301,0.26,0.094,0.046,0.186,0.001,0.014,0.071,0.003,,0.296,0.262,0.104,0.049,0.182,0,0.014,0.064,0.003,,-0.005,0.002,0.01,0.003,-0.004,-0.001,0,-0.007,0
NCRN_ROCR_SVPS,Soapstone Valley Stream,2.01,9.132,8.955,37.49350649,11.264,,96.85911602,194.8215325,,89258.70703,236482.6719,176336.7891,39641.60547,128493.4844,113457.0117,15036.47119,248785.2422,261087.8359,31439.89355,31439.89355,105255.2969,86117.96875,159659.9844,49852.73438,116901.7227,92952.73047,114823.9609,228280.9609,15036.47119,5467.807617,16403.42334,121658.7188,460662.8125,375717.5,387837.4063,399957.3281,329931.1094,,0.175,0.395,0.217,0.09,0.109,0,0.01,0.004,0,,0.17,0.389,0.225,0.094,0.109,0,0.01,0.003,0,,-0.005,-0.006,0.008,0.004,0,0,0,-0.001,0
NCRN_WOTR_CHCK,Courthouse Creek,4.071,0.736,6.706,43.03838518,9.985,,81.25690608,173.435917,,4945.894857,15913.77897,21304.59831,16389.74414,39505.07747,19487.36979,13191.92106,26933.92839,15127.41471,8149.449056,6714.432861,13836.13525,8546.734375,13226.55615,6993.449951,9975.44694,9276.283529,12399.19629,28003.48633,14340.74479,6245.825521,17895.11198,34465.04362,56222.70508,47350.92188,40998.9707,52466.92969,44078.70638,,0.155,0.242,0.263,0.176,0.104,0,0.024,0.002,0,,0.15,0.242,0.268,0.177,0.102,0,0.024,0.002,0,,-0.005,0,0.005,0.001,-0.002,0,0,0,0
NCRN_WOTR_WOTR,Wolf Trap Creek,14.337,3.46,7.979,30.07857053,9.531,,68.15911602,154.342027,,4302.838037,13844.69688,18534.61074,14258.77754,34368.69427,16673.6179,11287.15951,23044.97878,12943.19043,6972.762337,5744.946126,11838.35645,7312.68431,11316.79368,5983.676432,8295.371647,7713.962142,10310.91061,23287.11003,11925.46133,5193.89707,14881.19837,28660.4043,46753.61771,40014.10221,34646.35833,44337.40625,37248.90247,,0.256,0.294,0.171,0.073,0.141,0,0.036,0.005,0,,0.247,0.296,0.182,0.074,0.136,0,0.036,0.005,0,,-0.009,0.002,0.011,0.001,-0.005,0,0,0,0
